{
    "mean_squared_error": 0.7759297662107479,
    "r2_score": 0.22474966906923344
}